ABE,ATL
ABE,DTW
ABQ,ATL
ABQ,MSP
ABQ,SLC
ABR,MSP
ABV,CDG
ABV,PHC
ABY,ATL
ACC,JFK
ACC,ROB
AEX,ATL
AGS,ATL
ALB,ATL
ALB,DTW
ALB,MSP
AMS,ATL
AMS,AUH
AMS,BOM
AMS,BOS
AMS,DFW
AMS,DMM
AMS,DOH
AMS,DTW
AMS,EWR
AMS,HRE
AMS,IAD
AMS,IAH
AMS,JFK
AMS,JRO
AMS,KGL
AMS,KWI
AMS,LAX
AMS,MSP
AMS,ORD
AMS,PDX
AMS,SEA
AMS,SFO
AMS,YUL
AMS,YVR
AMS,YYC
AMS,YYZ
ANC,MSP
ANC,SEA
ANC,SLC
APN,DTW
APN,MSP
ATL,ABE
ATL,ABQ
ATL,ABY
ATL,AEX
ATL,AGS
ATL,ALB
ATL,AMS
ATL,ATW
ATL,AUA
ATL,AUS
ATL,AVL
ATL,AVP
ATL,AZO
ATL,BDA
ATL,BDL
ATL,BHM
ATL,BJX
ATL,BMI
ATL,BNA
ATL,BOG
ATL,BON
ATL,BOS
ATL,BQK
ATL,BRU
ATL,BSB
ATL,BTR
ATL,BTV
ATL,BUF
ATL,BWI
ATL,BZE
ATL,CAE
ATL,CAK
ATL,CCS
ATL,CDG
ATL,CHA
ATL,CHO
ATL,CHS
ATL,CID
ATL,CLE
ATL,CLT
ATL,CMH
ATL,COS
ATL,CRW
ATL,CSG
ATL,CUN
ATL,CVG
ATL,CZM
ATL,DAB
ATL,DAL
ATL,DAY
ATL,DCA
ATL,DEN
ATL,DFW
ATL,DHN
ATL,DSM
ATL,DTW
ATL,DUB
ATL,DUS
ATL,DXB
ATL,ECP
ATL,ELP
ATL,EVV
ATL,EWN
ATL,EWR
ATL,EYW
ATL,EZE
ATL,FAR
ATL,FAY
ATL,FCO
ATL,FLL
ATL,FNT
ATL,FPO
ATL,FRA
ATL,FSD
ATL,FSM
ATL,FWA
ATL,GCM
ATL,GDL
ATL,GGT
ATL,GIG
ATL,GNV
ATL,GPT
ATL,GRB
ATL,GRK
ATL,GRR
ATL,GRU
ATL,GSO
ATL,GSP
ATL,GTR
ATL,GUA
ATL,HNL
ATL,HOU
ATL,HPN
ATL,HSV
ATL,IAD
ATL,IAH
ATL,ICN
ATL,ICT
ATL,ILM
ATL,IND
ATL,JAN
ATL,JAX
ATL,JFK
ATL,JNB
ATL,KIN
ATL,LAN
ATL,LAS
ATL,LAX
ATL,LEX
ATL,LFT
ATL,LGA
ATL,LHR
ATL,LIM
ATL,LIR
ATL,LIT
ATL,LOS
ATL,MAD
ATL,MAN
ATL,MBJ
ATL,MBS
ATL,MCI
ATL,MCO
ATL,MDT
ATL,MDW
ATL,MEM
ATL,MEX
ATL,MGA
ATL,MGM
ATL,MHT
ATL,MIA
ATL,MKE
ATL,MLB
ATL,MLI
ATL,MLU
ATL,MOB
ATL,MSN
ATL,MSP
ATL,MSY
ATL,MTY
ATL,MUC
ATL,MYR
ATL,NAS
ATL,NRT
ATL,OAJ
ATL,OKC
ATL,OMA
ATL,ORD
ATL,ORF
ATL,PAP
ATL,PBI
ATL,PDX
ATL,PHF
ATL,PHL
ATL,PHX
ATL,PIA
ATL,PIT
ATL,PLS
ATL,PNS
ATL,PTY
ATL,PUJ
ATL,PVD
ATL,PVR
ATL,PWM
ATL,RDU
ATL,RIC
ATL,ROA
ATL,ROC
ATL,RSW
ATL,RTB
ATL,SAL
ATL,SAN
ATL,SAP
ATL,SAT
ATL,SAV
ATL,SBN
ATL,SCL
ATL,SDF
ATL,SDQ
ATL,SEA
ATL,SFO
ATL,SGF
ATL,SHV
ATL,SJC
ATL,SJD
ATL,SJO
ATL,SJU
ATL,SLC
ATL,SMF
ATL,SNA
ATL,SRQ
ATL,STL
ATL,STR
ATL,STT
ATL,SXM
ATL,SYR
ATL,TGU
ATL,TLH
ATL,TPA
ATL,TRI
ATL,TUL
ATL,TUS
ATL,TYS
ATL,UIO
ATL,UVF
ATL,VLD
ATL,VPS
ATL,XNA
ATL,YUL
ATL,YYZ
ATL,ZRH
ATW,ATL
ATW,DTW
ATW,MSP
AUA,ATL
AUA,JFK
AUA,LGA
AUH,AMS
AUH,BAH
AUS,ATL
AUS,DTW
AUS,JFK
AUS,MCO
AUS,MEM
AUS,MSP
AUS,SLC
AVL,ATL
AVL,DTW
AVP,ATL
AVP,DTW
AZO,ATL
AZO,DTW
AZO,MSP
BAH,AUH
BCN,JFK
BDA,ATL
BDA,BOS
BDA,JFK
BDL,ATL
BDL,CVG
BDL,DTW
BDL,MCO
BDL,MSP
BDL,RDU
BGM,DTW
BGR,DTW
BGR,LGA
BHM,ATL
BHM,DTW
BHM,LGA
BHM,MCO
BHM,MSP
BIL,MSP
BIL,SLC
BIS,MSP
BJI,MSP
BJX,ATL
BJX,LAX
BKK,NRT
BMI,ATL
BMI,DTW
BMI,MSP
BNA,ATL
BNA,CVG
BNA,DTW
BNA,JFK
BNA,LAX
BNA,LGA
BNA,MCO
BNA,MSP
BNA,SLC
BNE,LAX
BOG,ATL
BOG,JFK
BOI,MSP
BOI,SLC
BOM,AMS
BON,ATL
BOS,AMS
BOS,ATL
BOS,BDA
BOS,CDG
BOS,CHS
BOS,CMH
BOS,CUN
BOS,CVG
BOS,DTW
BOS,FCO
BOS,IND
BOS,JAX
BOS,JFK
BOS,LAS
BOS,LAX
BOS,LGA
BOS,LHR
BOS,MCO
BOS,MSP
BOS,MYR
BOS,NAS
BOS,PLS
BOS,RDU
BOS,RIC
BOS,SLC
BQK,ATL
BRD,INL
BRD,MSP
BRU,ATL
BRU,JFK
BSB,ATL
BTM,SLC
BTR,ATL
BTS,PRG
BTV,ATL
BTV,DTW
BTV,LGA
BUF,ATL
BUF,DTW
BUF,JFK
BUF,LGA
BUF,MSP
BUR,SLC
BWI,ATL
BWI,CVG
BWI,DTW
BWI,JFK
BWI,MSP
BWI,RDU
BWI,SLC
BZE,ATL
BZE,LAX
BZN,MSP
BZN,SLC
CAE,ATL
CAE,DTW
CAE,LGA
CAK,ATL
CAK,DTW
CAN,HGH
CAN,LAX
CCS,ATL
CDC,SLC
CDG,ABV
CDG,ATL
CDG,BOS
CDG,CMN
CDG,CVG
CDG,DTW
CDG,EWR
CDG,IAD
CDG,IAH
CDG,JFK
CDG,LAX
CDG,LYS
CDG,MIA
CDG,MSP
CDG,NIM
CDG,ORD
CDG,PHL
CDG,PIT
CDG,SEA
CDG,SFO
CDG,SLC
CDG,TLS
CDG,YUL
CDG,YYZ
CHA,ATL
CHA,DTW
CHO,ATL
CHO,LGA
CHS,ATL
CHS,BOS
CHS,DTW
CHS,JFK
CHS,LGA
CID,ATL
CID,DTW
CID,MSP
CIU,DTW
CLE,ATL
CLE,DTW
CLE,JFK
CLE,LGA
CLE,MSP
CLT,ATL
CLT,CVG
CLT,DTW
CLT,JFK
CLT,LGA
CLT,MSP
CLT,SLC
CMH,ATL
CMH,BOS
CMH,DTW
CMH,JFK
CMH,LAX
CMH,LGA
CMH,MCO
CMH,MSP
CMH,RDU
CMH,RSW
CMH,TPA
CMN,CDG
CNY,SLC
COD,SLC
COS,ATL
COS,SLC
CPR,SLC
CRW,ATL
CRW,DTW
CSG,ATL
CUL,HMO
CUL,MTY
CUN,ATL
CUN,BOS
CUN,CVG
CUN,DTW
CUN,IND
CUN,JFK
CUN,LAX
CUN,MCO
CUN,MSP
CUN,RDU
CUN,SLC
CVG,ATL
CVG,BDL
CVG,BNA
CVG,BOS
CVG,BWI
CVG,CDG
CVG,CLT
CVG,CUN
CVG,DCA
CVG,DEN
CVG,DFW
CVG,DTW
CVG,EWR
CVG,FLL
CVG,GRR
CVG,IAH
CVG,JAX
CVG,JFK
CVG,LAS
CVG,LAX
CVG,LGA
CVG,MCI
CVG,MCO
CVG,MEM
CVG,MKE
CVG,MSN
CVG,MSP
CVG,MSY
CVG,ORD
CVG,PHL
CVG,PIT
CVG,PUJ
CVG,RDU
CVG,RIC
CVG,RSW
CVG,SFO
CVG,SLC
CVG,STL
CVG,TPA
CVG,XNA
CVG,YYZ
CWA,DTW
CWA,MSP
CZM,ATL
DAB,ATL
DAL,ATL
DAR,AMS
DAY,ATL
DAY,DTW
DAY,LGA
DAY,MSP
DCA,ATL
DCA,CVG
DCA,DTW
DCA,JFK
DCA,LAX
DCA,LEX
DCA,LGA
DCA,MEM
DCA,MSN
DCA,MSP
DCA,OMA
DCA,SLC
DEN,ATL
DEN,CVG
DEN,DTW
DEN,JFK
DEN,LGA
DEN,MEM
DEN,MSP
DEN,SLC
DFW,AMS
DFW,ATL
DFW,CVG
DFW,DTW
DFW,ICN
DFW,JFK
DFW,LGA
DFW,MEM
DFW,MEX
DFW,MSP
DFW,SLC
DFW,YYC
DHN,ATL
DIK,MSP
DKR,JFK
DLH,MSP
DMM,AMS
DMM,KWI
DOH,AMS
DOH,MCT
DSM,ATL
DSM,DTW
DSM,LGA
DSM,MSP
DTW,ABE
DTW,ALB
DTW,AMS
DTW,APN
DTW,ATL
DTW,ATW
DTW,AUS
DTW,AVL
DTW,AVP
DTW,AZO
DTW,BDL
DTW,BGM
DTW,BGR
DTW,BHM
DTW,BMI
DTW,BNA
DTW,BOS
DTW,BTV
DTW,BUF
DTW,BWI
DTW,CAE
DTW,CAK
DTW,CDG
DTW,CHA
DTW,CHS
DTW,CID
DTW,CIU
DTW,CLE
DTW,CLT
DTW,CMH
DTW,CRW
DTW,CUN
DTW,CVG
DTW,CWA
DTW,DAY
DTW,DCA
DTW,DEN
DTW,DFW
DTW,DSM
DTW,ELM
DTW,ERI
DTW,ESC
DTW,EVV
DTW,EWR
DTW,FLL
DTW,FRA
DTW,FWA
DTW,GCM
DTW,GRB
DTW,GRR
DTW,GRU
DTW,GSO
DTW,GSP
DTW,HPN
DTW,HSV
DTW,IAD
DTW,IAH
DTW,ICN
DTW,IND
DTW,ITH
DTW,JAX
DTW,JFK
DTW,LAN
DTW,LAS
DTW,LAX
DTW,LEX
DTW,LGA
DTW,LHR
DTW,LIT
DTW,MBJ
DTW,MBS
DTW,MCI
DTW,MCO
DTW,MDT
DTW,MDW
DTW,MEM
DTW,MEX
DTW,MHT
DTW,MIA
DTW,MKE
DTW,MLI
DTW,MQT
DTW,MSN
DTW,MSP
DTW,MSY
DTW,MTY
DTW,MYR
DTW,NAS
DTW,NGO
DTW,NRT
DTW,OKC
DTW,OMA
DTW,ORD
DTW,ORF
DTW,PBI
DTW,PDX
DTW,PEK
DTW,PHL
DTW,PHX
DTW,PIA
DTW,PIT
DTW,PLN
DTW,PUJ
DTW,PVD
DTW,PVG
DTW,PWM
DTW,RDU
DTW,RIC
DTW,ROA
DTW,ROC
DTW,RSW
DTW,SAN
DTW,SAT
DTW,SAV
DTW,SBN
DTW,SCE
DTW,SDF
DTW,SEA
DTW,SFO
DTW,SJU
DTW,SLC
DTW,STL
DTW,SWF
DTW,SYR
DTW,TPA
DTW,TUL
DTW,TVC
DTW,TYS
DTW,XNA
DTW,YOW
DTW,YUL
DTW,YYZ
DUB,ATL
DUB,JFK
DUS,ATL
DXB,ATL
EBB,AMS
ECP,ATL
EKO,SLC
ELM,DTW
ELP,ATL
ERI,DTW
ESC,DTW
EUG,SLC
EVV,ATL
EVV,DTW
EWN,ATL
EWR,AMS
EWR,ATL
EWR,CDG
EWR,CVG
EWR,DTW
EWR,LHR
EWR,MSP
EWR,SLC
EYW,ATL
EYW,LGA
EZE,ATL
FAR,ATL
FAR,MSP
FAR,SLC
FAT,GDL
FAT,SLC
FAY,ATL
FCA,MSP
FCA,SLC
FCO,ATL
FCO,BOS
FCO,JFK
FCO,LAX
FCO,MIA
FCO,ORD
FCO,YYZ
FLL,ATL
FLL,CVG
FLL,DTW
FLL,JFK
FLL,LGA
FLL,MSP
FLL,RDU
FLL,YYZ
FNT,ATL
FNT,MSP
FPO,ATL
FRA,ATL
FRA,DTW
FRA,JFK
FSD,ATL
FSD,MSP
FSM,ATL
FUK,HNL
FWA,ATL
FWA,DTW
FWA,MSP
GCC,RKS
GCC,SLC
GCM,ATL
GCM,DTW
GDL,ATL
GDL,FAT
GDL,LAX
GDL,MTY
GDL,ONT
GDL,ORD
GDL,SLC
GDL,SMF
GEG,LAX
GEG,MSP
GEG,SLC
GFK,MSP
GGT,ATL
GIG,ATL
GIG,SDQ
GJT,SLC
GLA,MCO
GND,JFK
GNV,ATL
GPT,ATL
GRB,ATL
GRB,DTW
GRB,MSP
GRK,ATL
GRR,ATL
GRR,CVG
GRR,DTW
GRR,LGA
GRR,MCO
GRR,MSP
GRU,ATL
GRU,DTW
GRU,JFK
GRU,SDQ
GSO,ATL
GSO,DTW
GSO,LGA
GSP,ATL
GSP,DTW
GSP,LGA
GTF,MSP
GTF,SLC
GTR,ATL
GUA,ATL
GUA,JFK
GUA,LAX
GUM,KIX
GUM,NGO
GUM,NRT
HAM,AMS
HIB,MSP
HKG,NRT
HLN,MSP
HLN,SLC
HMO,CUL
HMO,LAX
HMO,MEX
HMO,PHX
HND,LAX
HND,SEA
HNL,ATL
HNL,FUK
HNL,ICN
HNL,KIX
HNL,LAX
HNL,NGO
HNL,NRT
HNL,SEA
HNL,SFO
HNL,SLC
HNL,YVR
HOU,ATL
HPN,ATL
HPN,DTW
HPN,MCO
HRE,LUN
HSV,ATL
HSV,DTW
IAD,AMS
IAD,ATL
IAD,CDG
IAD,DTW
IAD,ICN
IAD,JFK
IAD,LHR
IAD,MEX
IAD,MSP
IAD,SVO
IAH,AMS
IAH,ATL
IAH,CDG
IAH,CVG
IAH,DTW
IAH,LGA
IAH,MEM
IAH,MEX
IAH,MSP
IAH,SEA
IAH,SLC
ICN,ATL
ICN,DFW
ICN,DTW
ICN,HNL
ICN,IAD
ICN,JFK
ICN,LAS
ICN,LAX
ICN,ORD
ICN,REP
ICN,SEA
ICN,SFO
ICT,ATL
ICT,MSP
IDA,SLC
ILM,ATL
ILM,LGA
IMT,MSP
IMT,RHI
IND,ATL
IND,BOS
IND,CUN
IND,DTW
IND,JFK
IND,LAX
IND,LGA
IND,MBJ
IND,MCO
IND,MEM
IND,MSP
IND,RDU
IND,RSW
IND,SLC
IND,TPA
INL,BRD
INL,MSP
ISN,MSP
ITH,DTW
JAC,SLC
JAN,ATL
JAX,ATL
JAX,BOS
JAX,CVG
JAX,DTW
JAX,JFK
JAX,LGA
JAX,MSP
JFK,ACC
JFK,AMS
JFK,ATL
JFK,AUA
JFK,AUS
JFK,BCN
JFK,BDA
JFK,BNA
JFK,BOG
JFK,BOS
JFK,BRU
JFK,BUF
JFK,BWI
JFK,CDG
JFK,CHS
JFK,CLE
JFK,CLT
JFK,CMH
JFK,CUN
JFK,CVG
JFK,DCA
JFK,DEN
JFK,DFW
JFK,DKR
JFK,DTW
JFK,DUB
JFK,FCO
JFK,FLL
JFK,FRA
JFK,GND
JFK,GRU
JFK,GUA
JFK,IAD
JFK,ICN
JFK,IND
JFK,JAX
JFK,LAS
JFK,LAX
JFK,LHR
JFK,LIR
JFK,MAD
JFK,MBJ
JFK,MCO
JFK,MEX
JFK,MIA
JFK,MSP
JFK,MSY
JFK,MXP
JFK,NAS
JFK,NCE
JFK,NRT
JFK,ORD
JFK,ORF
JFK,PAP
JFK,PDX
JFK,PHL
JFK,PHX
JFK,PIT
JFK,PLS
JFK,PUJ
JFK,PVG
JFK,RDU
JFK,RIC
JFK,ROC
JFK,SAN
JFK,SAT
JFK,SAV
JFK,SDF
JFK,SDQ
JFK,SEA
JFK,SFO
JFK,SJO
JFK,SJU
JFK,SLC
JFK,STI
JFK,STL
JFK,STT
JFK,SVO
JFK,SXM
JFK,SYR
JFK,TLV
JFK,TPA
JFK,VCE
JFK,YUL
JFK,YYC
JFK,YYZ
JNB,ATL
JRO,DAR
KGL,EBB
KIN,ATL
KIX,GUM
KIX,HNL
KOA,LAX
KSC,BTS
KWI,AMS
KWI,DMM
LAN,ATL
LAN,DTW
LAN,MSP
LAS,ATL
LAS,BOS
LAS,CVG
LAS,DTW
LAS,ICN
LAS,JFK
LAS,LAX
LAS,LGW
LAS,MAN
LAS,MCO
LAS,MEM
LAS,MEX
LAS,MSP
LAS,MTY
LAS,RDU
LAS,SEA
LAS,SLC
LAS,YVR
LAS,YYC
LAS,YYZ
LAX,AMS
LAX,ATL
LAX,BJX
LAX,BNA
LAX,BNE
LAX,BOS
LAX,BZE
LAX,CAN
LAX,CDG
LAX,CMH
LAX,CUN
LAX,CVG
LAX,DCA
LAX,DTW
LAX,FCO
LAX,GDL
LAX,GEG
LAX,GUA
LAX,HMO
LAX,HND
LAX,HNL
LAX,ICN
LAX,IND
LAX,JFK
LAX,KOA
LAX,LAS
LAX,LHR
LAX,LIH
LAX,LIR
LAX,MCI
LAX,MCO
LAX,MEL
LAX,MEM
LAX,MEX
LAX,MIA
LAX,MSP
LAX,MSY
LAX,NRT
LAX,OAK
LAX,OGG
LAX,PDX
LAX,PHX
LAX,PPT
LAX,PVG
LAX,PVR
LAX,RDU
LAX,SAN
LAX,SEA
LAX,SFO
LAX,SJC
LAX,SJO
LAX,SLC
LAX,SMF
LAX,SVO
LAX,SYD
LAX,TPA
LAX,TPE
LAX,YEG
LAX,YYC
LEX,ATL
LEX,DCA
LEX,DTW
LEX,LGA
LEX,MSP
LFT,ATL
LGA,ATL
LGA,AUA
LGA,BGR
LGA,BHM
LGA,BNA
LGA,BOS
LGA,BTV
LGA,BUF
LGA,CAE
LGA,CHO
LGA,CHS
LGA,CLE
LGA,CLT
LGA,CMH
LGA,CVG
LGA,DAY
LGA,DCA
LGA,DEN
LGA,DFW
LGA,DSM
LGA,DTW
LGA,EYW
LGA,FLL
LGA,GRR
LGA,GSO
LGA,GSP
LGA,IAH
LGA,ILM
LGA,IND
LGA,JAX
LGA,LEX
LGA,MCI
LGA,MCO
LGA,MEM
LGA,MHT
LGA,MIA
LGA,MKE
LGA,MSN
LGA,MSP
LGA,MSY
LGA,MYR
LGA,OMA
LGA,ORD
LGA,ORF
LGA,PBI
LGA,PIT
LGA,PWM
LGA,RDU
LGA,RIC
LGA,ROC
LGA,RSW
LGA,SAV
LGA,SDF
LGA,SRQ
LGA,STL
LGA,SYR
LGA,TPA
LGA,TYS
LGA,YHZ
LGA,YUL
LGA,YYZ
LGB,SLC
LGW,LAS
LGW,MCO
LHR,ATL
LHR,BOS
LHR,DTW
LHR,EWR
LHR,IAD
LHR,JFK
LHR,LAX
LHR,MIA
LHR,MSP
LHR,ORD
LHR,SEA
LHR,SFO
LIH,LAX
LIM,ATL
LIR,ATL
LIR,JFK
LIR,LAX
LIT,ATL
LIT,DTW
LNK,MSP
LOS,ATL
LSE,MSP
LUN,AMS
LWS,SLC
MAD,ATL
MAD,JFK
MAN,ATL
MAN,LAS
MAN,MCO
MBJ,ATL
MBJ,DTW
MBJ,IND
MBJ,JFK
MBS,ATL
MBS,DTW
MBS,MSP
MCI,ATL
MCI,CVG
MCI,DTW
MCI,LAX
MCI,LGA
MCI,MCO
MCI,MEM
MCI,MSP
MCI,SLC
MCO,ATL
MCO,AUS
MCO,BDL
MCO,BHM
MCO,BNA
MCO,BOS
MCO,CMH
MCO,CUN
MCO,CVG
MCO,DTW
MCO,GLA
MCO,GRR
MCO,HPN
MCO,IND
MCO,JFK
MCO,LAS
MCO,LAX
MCO,LGA
MCO,LGW
MCO,MAN
MCO,MCI
MCO,MEM
MCO,MEX
MCO,MKE
MCO,MSP
MCO,OMA
MCO,ORF
MCO,PIT
MCO,RDU
MCO,RIC
MCO,SAT
MCO,SDF
MCO,SDQ
MCO,SLC
MCO,YYZ
MCT,DOH
MDT,ATL
MDT,DTW
MDW,ATL
MDW,DTW
MDW,MSP
MEL,LAX
MEM,ATL
MEM,AUS
MEM,CVG
MEM,DCA
MEM,DEN
MEM,DFW
MEM,DTW
MEM,IAH
MEM,IND
MEM,LAS
MEM,LAX
MEM,LGA
MEM,MCI
MEM,MCO
MEM,MSP
MEM,MSY
MEM,ORD
MEM,PIT
MEM,RDU
MEM,SAT
MEM,SLC
MEX,ACA
MEX,ATL
MEX,DFW
MEX,DTW
MEX,IAD
MEX,IAH
MEX,JFK
MEX,LAS
MEX,LAX
MEX,MCO
MEX,MIA
MEX,MID
MEX,ORD
MEX,SAT
MEX,SFO
MEX,VSA
MFR,SLC
MGA,ATL
MGM,ATL
MHT,ATL
MHT,DTW
MHT,LGA
MIA,ATL
MIA,CDG
MIA,DTW
MIA,FCO
MIA,JFK
MIA,LAX
MIA,LGA
MIA,LHR
MIA,MEX
MIA,MID
MIA,MSP
MIA,PAP
MIA,SDQ
MIA,SVO
MID,MEX
MID,MIA
MKE,ATL
MKE,CVG
MKE,DTW
MKE,LGA
MKE,MCO
MKE,MSP
MLB,ATL
MLI,ATL
MLI,DTW
MLI,MSP
MLU,ATL
MNL,NGO
MNL,NRT
MOB,ATL
MOT,MSP
MQT,DTW
MRS,CDG
MSN,ATL
MSN,CVG
MSN,DCA
MSN,DTW
MSN,LGA
MSN,MSP
MSN,SLC
MSO,MSP
MSO,SLC
MSP,ABQ
MSP,ABR
MSP,ALB
MSP,AMS
MSP,ANC
MSP,APN
MSP,ATL
MSP,ATW
MSP,AUS
MSP,AZO
MSP,BDL
MSP,BHM
MSP,BIL
MSP,BIS
MSP,BJI
MSP,BMI
MSP,BNA
MSP,BOI
MSP,BOS
MSP,BRD
MSP,BUF
MSP,BWI
MSP,BZN
MSP,CDG
MSP,CID
MSP,CLE
MSP,CLT
MSP,CMH
MSP,CUN
MSP,CVG
MSP,CWA
MSP,DAY
MSP,DCA
MSP,DEN
MSP,DFW
MSP,DIK
MSP,DLH
MSP,DSM
MSP,DTW
MSP,EWR
MSP,FAR
MSP,FCA
MSP,FLL
MSP,FNT
MSP,FSD
MSP,FWA
MSP,GEG
MSP,GFK
MSP,GRB
MSP,GRR
MSP,GTF
MSP,HIB
MSP,HLN
MSP,IAD
MSP,IAH
MSP,ICT
MSP,IMT
MSP,IND
MSP,INL
MSP,ISN
MSP,JAX
MSP,JFK
MSP,LAN
MSP,LAS
MSP,LAX
MSP,LEX
MSP,LGA
MSP,LHR
MSP,LNK
MSP,LSE
MSP,MBS
MSP,MCI
MSP,MCO
MSP,MDW
MSP,MEM
MSP,MIA
MSP,MKE
MSP,MLI
MSP,MOT
MSP,MSN
MSP,MSO
MSP,MSY
MSP,NRT
MSP,OKC
MSP,OMA
MSP,ORD
MSP,ORF
MSP,PDX
MSP,PHL
MSP,PHX
MSP,PIA
MSP,PIT
MSP,PSC
MSP,PSP
MSP,RAP
MSP,RDU
MSP,RHI
MSP,RIC
MSP,ROC
MSP,RST
MSP,RSW
MSP,SAN
MSP,SAT
MSP,SBN
MSP,SDF
MSP,SEA
MSP,SFO
MSP,SJC
MSP,SLC
MSP,SMF
MSP,SNA
MSP,STL
MSP,SYR
MSP,TPA
MSP,TUL
MSP,TUS
MSP,TVC
MSP,TYS
MSP,XNA
MSP,YEG
MSP,YQR
MSP,YUL
MSP,YVR
MSP,YWG
MSP,YXE
MSP,YYC
MSP,YYZ
MSY,ATL
MSY,CVG
MSY,DTW
MSY,JFK
MSY,LAX
MSY,LGA
MSY,MEM
MSY,MSP
MSY,SLC
MTY,ATL
MTY,CUL
MTY,CUU
MTY,DTW
MTY,GDL
MTY,LAS
MTY,SAT
MUC,ATL
MXP,JFK
MYR,ATL
MYR,BOS
MYR,DTW
MYR,LGA
NAS,ATL
NAS,BOS
NAS,DTW
NAS,JFK
NCE,JFK
NGO,DTW
NGO,GUM
NGO,HNL
NGO,MNL
NIM,CDG
NIM,OUA
NRT,ATL
NRT,BKK
NRT,DTW
NRT,GUM
NRT,HKG
NRT,HNL
NRT,JFK
NRT,LAX
NRT,MNL
NRT,MSP
NRT,PDX
NRT,PVG
NRT,ROR
NRT,SEA
NRT,SIN
NRT,SPN
NRT,TPE
OAJ,ATL
OAK,LAX
OAK,SLC
OGG,LAX
OGG,SMF
OKC,ATL
OKC,DTW
OKC,MSP
OKC,SLC
OMA,ATL
OMA,DCA
OMA,DTW
OMA,LGA
OMA,MCO
OMA,MSP
OMA,SLC
ONT,GDL
ONT,SLC
ORD,AMS
ORD,ATL
ORD,CDG
ORD,CVG
ORD,DTW
ORD,FCO
ORD,GDL
ORD,ICN
ORD,JFK
ORD,LGA
ORD,LHR
ORD,MEM
ORD,MEX
ORD,MSP
ORD,SLC
ORD,YVR
ORD,YYC
ORF,ATL
ORF,DTW
ORF,JFK
ORF,LGA
ORF,MCO
ORF,MSP
OUA,NIM
PAP,ATL
PAP,JFK
PAP,MIA
PBI,ATL
PBI,DTW
PBI,LGA
PDX,AMS
PDX,ATL
PDX,DTW
PDX,JFK
PDX,LAX
PDX,MSP
PDX,NRT
PDX,SLC
PEK,DTW
PEK,SEA
PHC,ABV
PHF,ATL
PHL,ATL
PHL,CDG
PHL,CVG
PHL,DTW
PHL,JFK
PHL,MSP
PHL,RDU
PHL,SLC
PHX,ATL
PHX,DTW
PHX,HMO
PHX,JFK
PHX,LAX
PHX,MSP
PHX,SLC
PIA,ATL
PIA,DTW
PIA,MSP
PIH,SLC
PIT,ATL
PIT,CDG
PIT,CVG
PIT,DTW
PIT,JFK
PIT,LGA
PIT,MCO
PIT,MEM
PIT,MSP
PIT,PUJ
PLN,DTW
PLS,ATL
PLS,BOS
PLS,JFK
PNS,ATL
PPT,LAX
PSC,MSP
PSC,SLC
PSP,MSP
PSP,SFO
PSP,SLC
PTY,ATL
PUJ,ATL
PUJ,CVG
PUJ,DTW
PUJ,JFK
PUJ,PIT
PVD,ATL
PVD,DTW
PVG,DTW
PVG,JFK
PVG,LAX
PVG,NRT
PVG,SEA
PVG,SFO
PVR,ATL
PVR,LAX
PVR,SLC
RAP,MSP
RAP,SLC
RDM,SLC
RDU,ATL
RDU,BDL
RDU,BOS
RDU,BWI
RDU,CMH
RDU,CUN
RDU,CVG
RDU,DTW
RDU,FLL
RDU,IND
RDU,JFK
RDU,LAS
RDU,LAX
RDU,LGA
RDU,MCO
RDU,MEM
RDU,MSP
RDU,PHL
RDU,SLC
RDU,TPA
REP,ICN
RHI,IMT
RHI,MSP
RIC,ATL
RIC,BOS
RIC,CVG
RIC,DTW
RIC,JFK
RIC,LGA
RIC,MCO
RIC,MSP
RKS,GCC
RKS,SLC
RNO,SLC
ROA,ATL
ROA,DTW
ROB,ACC
ROC,ATL
ROC,DTW
ROC,JFK
ROC,LGA
ROC,MSP
ROR,NRT
RST,MSP
RSW,ATL
RSW,CMH
RSW,CVG
RSW,DTW
RSW,IND
RSW,LGA
RSW,MSP
RTB,ATL
SAL,ATL
SAN,ATL
SAN,DTW
SAN,JFK
SAN,LAX
SAN,MSP
SAN,SEA
SAN,SLC
SAP,ATL
SAT,ATL
SAT,DTW
SAT,JFK
SAT,MCO
SAT,MEM
SAT,MEX
SAT,MSP
SAT,MTY
SAT,SLC
SAV,ATL
SAV,DTW
SAV,JFK
SAV,LGA
SBN,ATL
SBN,DTW
SBN,MSP
SCE,DTW
SCL,ATL
SDF,ATL
SDF,DTW
SDF,JFK
SDF,LGA
SDF,MCO
SDF,MSP
SDQ,ATL
SDQ,GIG
SDQ,GRU
SDQ,JFK
SDQ,MCO
SDQ,MIA
SEA,AMS
SEA,ANC
SEA,ATL
SEA,CDG
SEA,DTW
SEA,HND
SEA,HNL
SEA,IAH
SEA,ICN
SEA,JFK
SEA,LAS
SEA,LAX
SEA,LHR
SEA,MSP
SEA,NRT
SEA,PEK
SEA,PVG
SEA,SAN
SEA,SFO
SEA,SLC
SEA,YVR
SFO,AMS
SFO,ATL
SFO,CDG
SFO,CVG
SFO,DTW
SFO,HNL
SFO,ICN
SFO,JFK
SFO,LAX
SFO,LHR
SFO,MEX
SFO,MSP
SFO,PSP
SFO,PVG
SFO,SEA
SFO,SLC
SFO,TPE
SGF,ATL
SGU,SLC
SHV,ATL
SIN,NRT
SJC,ATL
SJC,LAX
SJC,MSP
SJC,SLC
SJD,ATL
SJD,SLC
SJO,ATL
SJO,JFK
SJO,LAX
SJU,ATL
SJU,DTW
SJU,JFK
SLC,ABQ
SLC,ANC
SLC,ATL
SLC,AUS
SLC,BIL
SLC,BNA
SLC,BOI
SLC,BOS
SLC,BTM
SLC,BUR
SLC,BWI
SLC,BZN
SLC,CDC
SLC,CDG
SLC,CLT
SLC,CNY
SLC,COD
SLC,COS
SLC,CPR
SLC,CUN
SLC,CVG
SLC,DCA
SLC,DEN
SLC,DFW
SLC,DTW
SLC,EKO
SLC,EUG
SLC,EWR
SLC,FAR
SLC,FAT
SLC,FCA
SLC,GCC
SLC,GDL
SLC,GEG
SLC,GJT
SLC,GTF
SLC,HLN
SLC,HNL
SLC,IAH
SLC,IDA
SLC,IND
SLC,JAC
SLC,JFK
SLC,LAS
SLC,LAX
SLC,LGB
SLC,LWS
SLC,MCI
SLC,MCO
SLC,MEM
SLC,MFR
SLC,MSN
SLC,MSO
SLC,MSP
SLC,MSY
SLC,OAK
SLC,OKC
SLC,OMA
SLC,ONT
SLC,ORD
SLC,PDX
SLC,PHL
SLC,PHX
SLC,PIH
SLC,PSC
SLC,PSP
SLC,PVR
SLC,RAP
SLC,RDM
SLC,RDU
SLC,RKS
SLC,RNO
SLC,SAN
SLC,SAT
SLC,SEA
SLC,SFO
SLC,SGU
SLC,SJC
SLC,SJD
SLC,SMF
SLC,SNA
SLC,STL
SLC,TUL
SLC,TUS
SLC,TWF
SLC,VEL
SLC,YVR
SLC,YYC
SMF,ATL
SMF,GDL
SMF,LAX
SMF,MSP
SMF,SEA
SMF,SLC
SNA,ATL
SNA,MSP
SNA,SLC
SNA,YVR
SPN,NGO
SPN,NRT
SRQ,ATL
SRQ,LGA
STI,JFK
STL,ATL
STL,CVG
STL,DTW
STL,JFK
STL,LGA
STL,MSP
STL,SLC
STR,ATL
STT,ATL
STT,JFK
SVO,IAD
SVO,JFK
SVO,LAX
SVO,MIA
SWF,DTW
SXM,ATL
SXM,JFK
SYD,LAX
SYR,ATL
SYR,DTW
SYR,JFK
SYR,LGA
SYR,MSP
TGU,ATL
TLH,ATL
TLV,JFK
TPA,ATL
TPA,CMH
TPA,CVG
TPA,DTW
TPA,IND
TPA,JFK
TPA,LAX
TPA,LGA
TPA,MSP
TPA,RDU
TPE,LAX
TPE,NRT
TPE,SFO
TRI,ATL
TUL,ATL
TUL,DTW
TUL,MSP
TUL,SLC
TUS,ATL
TUS,MSP
TUS,SLC
TVC,DTW
TVC,MSP
TWF,SLC
TYS,ATL
TYS,DTW
TYS,LGA
TYS,MSP
UIO,ATL
UVF,ATL
VCE,JFK
VEL,SLC
VLD,ATL
VPS,ATL
VSA,MEX
XNA,ATL
XNA,CVG
XNA,DTW
XNA,MSP
YEG,LAX
YEG,MSP
YHZ,LGA
YOW,DTW
YQR,MSP
YUL,AMS
YUL,ATL
YUL,CDG
YUL,DTW
YUL,JFK
YUL,LGA
YUL,MSP
YVR,AMS
YVR,HNL
YVR,LAS
YVR,MSP
YVR,ORD
YVR,SEA
YVR,SLC
YVR,SNA
YWG,MSP
YXE,MSP
YYC,AMS
YYC,DFW
YYC,JFK
YYC,LAS
YYC,LAX
YYC,MSP
YYC,ORD
YYC,SLC
YYZ,AMS
YYZ,ATL
YYZ,CDG
YYZ,CVG
YYZ,DTW
YYZ,FCO
YYZ,FLL
YYZ,JFK
YYZ,LAS
YYZ,LGA
YYZ,MCO
YYZ,MSP
ZRH,ATL